model,mean_hv,std_hv,population_size,generations,seeding_prop,ones_prop,crossover_prob,mutation_prob,ls_start,ls_end
LinReg,56.115664181979426,0.15416670463713805,100,20,0.1,0.02,1.0,0.01,0.3,0.7
LinReg,56.150418784251585,0.11977502320150721,100,20,0.2,0.0,0.7,0.05,0.15,0.4
LinReg,55.83719843272475,0.21056844584619458,100,20,0.1,0.04,0.4,0.07,0.05,0.3
LinReg,55.80879854306263,0.20355592359117178,100,20,0.15,0.03,0.4,0.01,0.15,0.6
LinReg,56.17588895665218,0.03874278785083703,100,20,0.4,0.02,0.9,0.05,0.25,0.6
LinReg,55.94654542551383,0.107324948882742,100,20,0.35,0.03,0.6,0.09,0.2,0.6
LinReg,56.20864160359605,0.19413185013709694,100,20,0.2,0.04,0.9,0.01,0.1,0.3
LinReg,55.98623022711048,0.1778052786905641,100,20,0.1,0.01,0.7,0.05,0.2,0.7
LinReg,56.01690863225618,0.16875250889687304,100,20,0.2,0.05,0.5,0.03,0.15,0.6
LinReg,56.16172899983733,0.18362003399982627,100,20,0.25,0.04,1.0,0.01,0.1,0.4
LinReg,55.81973808571722,0.07280044419708685,100,20,0.3,0.03,0.5,0.07,0.15,0.5
LinReg,55.94519044809689,0.20364320489971532,100,20,0.4,0.05,0.5,0.07,0.25,0.3
LinReg,56.305439355561376,0.21609156337704483,100,20,0.3,0.0,1.0,0.05,0.25,0.3
LinReg,56.051342046928106,0.02795720072988582,100,20,0.2,0.02,0.8,0.07,0.1,0.7
LinReg,55.75745848527102,0.16171165915498723,100,20,0.3,0.03,0.5,0.03,0.2,0.8
LinReg,55.98934763801996,0.05625276755917834,100,20,0.25,0.05,0.5,0.01,0.1,0.6
LinReg,55.81505559780645,0.03149404870700902,100,20,0.1,0.05,0.4,0.09,0.3,0.7
LinReg,55.90222601705216,0.14110115064191217,100,20,0.2,0.04,0.5,0.07,0.25,0.6
LinReg,55.95066856985236,0.08804105657758107,100,20,0.4,0.03,0.7,0.03,0.2,0.5
LinReg,56.0154963213206,0.07463289399669215,100,20,0.35,0.04,0.8,0.09,0.15,0.5
LinReg,56.09650911183426,0.07337910453092783,100,20,0.35,0.02,1.0,0.03,0.15,0.7
LinReg,56.121265207797514,0.11711519962493169,100,20,0.2,0.04,0.8,0.07,0.1,0.8
LinReg,55.97937413767087,0.18996260021180075,100,20,0.1,0.03,0.7,0.1,0.15,0.8
LinReg,56.05910688494417,0.19394144711046193,100,20,0.15,0.0,0.8,0.01,0.2,0.8
LinReg,56.0822985509501,0.14163518740501016,100,20,0.35,0.0,0.8,0.01,0.2,0.6
LinReg,55.95666840972275,0.20016303557640508,100,20,0.15,0.01,0.5,0.07,0.15,0.4
LinReg,56.06033001609819,0.07976760241538765,100,20,0.15,0.04,0.8,0.05,0.25,0.6
LinReg,55.97070020773689,0.07873641488562978,100,20,0.3,0.02,0.6,0.01,0.3,0.4
LinReg,56.0154963213206,0.07463289399669215,100,20,0.35,0.04,0.8,0.01,0.15,0.5
LinReg,55.9003344049486,0.032403431948058246,100,20,0.25,0.02,0.6,0.05,0.3,0.8
LinReg,56.237695694942396,0.08894500044252147,100,20,0.4,0.0,0.9,0.09,0.25,0.5
LinReg,56.14256256909273,0.131006642653056,100,20,0.4,0.02,1.0,0.03,0.05,0.6
LinReg,56.17956353111482,0.10185143805125678,100,20,0.3,0.01,1.0,0.07,0.15,0.8
LinReg,55.87278612532299,0.0859110671335435,100,20,0.1,0.0,0.5,0.03,0.2,0.5
LinReg,55.99985227959437,0.17132678818108216,100,20,0.35,0.01,0.9,0.01,0.25,0.7
LinReg,55.8677377901725,0.13587266270249973,100,20,0.25,0.03,0.4,0.09,0.15,0.7
LinReg,56.07916923778159,0.1853325334173971,100,20,0.4,0.04,0.7,0.01,0.05,0.8
LinReg,55.98416636896942,0.12803955349321536,100,20,0.35,0.03,0.7,0.09,0.15,0.5
LinReg,55.99454690170163,0.16380636251181602,100,20,0.3,0.04,0.8,0.01,0.3,0.7
LinReg,56.30089270582023,0.13744581864428926,100,20,0.1,0.0,1.0,0.03,0.1,0.4
LinReg,55.837622470993566,0.19948810043087709,100,20,0.15,0.04,0.4,0.03,0.15,0.3
LinReg,55.83574831941091,0.1136238534662442,100,20,0.3,0.05,0.4,0.1,0.05,0.6
LinReg,55.88411508531442,0.1296745781849906,100,20,0.15,0.05,0.5,0.01,0.3,0.5
LinReg,55.976551534119366,0.13824612118495805,100,20,0.3,0.05,0.6,0.03,0.05,0.4
LinReg,55.84653114003718,0.09427833330555982,100,20,0.3,0.0,0.5,0.03,0.15,0.6
LinReg,55.757275231181744,0.04532207550812206,100,20,0.15,0.03,0.4,0.01,0.05,0.8
LinReg,56.08859018946997,0.14786500238354144,100,20,0.3,0.05,0.7,0.01,0.3,0.5
LinReg,56.00183067184597,0.09364788150821751,100,20,0.1,0.05,1.0,0.03,0.25,0.8
LinReg,56.20545566899665,0.09919034272409472,100,20,0.2,0.0,0.8,0.01,0.15,0.3
LinReg,55.74295295510465,0.2593469799850651,100,20,0.4,0.0,0.4,0.05,0.2,0.7
LinReg,56.18683691827083,0.07321632317294689,100,20,0.2,0.01,1.0,0.1,0.15,0.4
LinReg,56.10524787288009,0.12100281241908312,100,20,0.35,0.04,0.7,0.03,0.15,0.6
LinReg,56.29003739400042,0.160416203463849,100,20,0.35,0.01,1.0,0.05,0.15,0.4
LinReg,56.08548074724511,0.11137080518395273,100,20,0.35,0.0,0.7,0.1,0.25,0.5
LinReg,55.8239342952422,0.10789008353362173,100,20,0.4,0.05,0.4,0.03,0.15,0.5
LinReg,56.123054130179945,0.0863314001256957,100,20,0.4,0.04,1.0,0.07,0.15,0.8
LinReg,56.1218593936609,0.09889037517402476,100,20,0.25,0.03,0.9,0.03,0.05,0.5
LinReg,55.978271491436,0.08914157319484439,100,20,0.35,0.03,0.9,0.07,0.25,0.8
LinReg,56.01484647233981,0.11325450079858745,100,20,0.15,0.02,0.7,0.09,0.05,0.8
LinReg,56.17086272182892,0.09522899917844399,100,20,0.35,0.01,1.0,0.03,0.25,0.7
LinReg,55.75634109955803,0.18714058225403518,100,20,0.15,0.01,0.5,0.05,0.2,0.8
LinReg,55.80503956513602,0.10507612399702353,100,20,0.25,0.0,0.4,0.03,0.1,0.4
LinReg,55.97076686664791,0.12535792293821732,100,20,0.25,0.03,0.6,0.05,0.3,0.5
LinReg,55.77330017488239,0.07510679204085527,100,20,0.25,0.01,0.4,0.01,0.3,0.6
LinReg,55.787948805506076,0.13215325657063923,100,20,0.4,0.04,0.5,0.09,0.2,0.8
LinReg,56.23875132709384,0.1409365297476827,100,20,0.2,0.04,1.0,0.07,0.2,0.5
LinReg,56.121616826837034,0.2046644694242645,100,20,0.2,0.02,0.9,0.09,0.05,0.5
LinReg,56.05427213585417,0.08056517291966031,100,20,0.4,0.05,0.8,0.05,0.3,0.5
LinReg,55.6576649585308,0.05346800541924564,100,20,0.3,0.03,0.4,0.05,0.3,0.7
LinReg,55.98194698261301,0.14688415694628423,100,20,0.4,0.05,0.7,0.03,0.1,0.7
LinReg,56.02063217161608,0.250021809424926,100,20,0.4,0.01,0.7,0.09,0.1,0.7
LinReg,55.8838306283057,0.16681753633778723,100,20,0.3,0.04,0.5,0.07,0.3,0.7
LinReg,56.12345606007102,0.2006566144783934,100,20,0.1,0.05,0.8,0.09,0.1,0.5
LinReg,55.746664597579965,0.14063075603516395,100,20,0.1,0.04,0.4,0.1,0.05,0.6
LinReg,55.849215996105976,0.25804171681413196,100,20,0.4,0.03,0.4,0.07,0.3,0.4
LinReg,56.12000530342154,0.13103600887357622,100,20,0.25,0.04,0.8,0.01,0.05,0.3
LinReg,56.06209337516445,0.12918097567823275,100,20,0.15,0.01,0.7,0.01,0.2,0.4
LinReg,56.13248193387958,0.15767399252801448,100,20,0.15,0.0,0.9,0.05,0.3,0.8
LinReg,56.029385086368094,0.10949491558657709,100,20,0.15,0.02,0.7,0.07,0.1,0.6
LinReg,55.877600101603754,0.17546915606510424,100,20,0.4,0.03,0.7,0.1,0.25,0.8
LinReg,56.03259169945304,0.13475283403883873,100,20,0.3,0.04,0.6,0.09,0.1,0.7
LinReg,55.95143390344056,0.13216409341057206,100,20,0.2,0.04,0.6,0.09,0.05,0.4
LinReg,55.76444483385502,0.17836886606040095,100,20,0.35,0.03,0.5,0.03,0.3,0.7
LinReg,56.18385806758586,0.21020138703335015,100,20,0.2,0.04,0.9,0.01,0.3,0.5
LinReg,56.002984654691716,0.07477080559286572,100,20,0.15,0.0,0.6,0.1,0.15,0.6
LinReg,56.028057049326925,0.17712865977640765,100,20,0.3,0.04,0.8,0.07,0.3,0.5
LinReg,56.033774070959225,0.13499495717643406,100,20,0.15,0.05,0.7,0.01,0.15,0.8
LinReg,56.14213094408901,0.025942059739528782,100,20,0.35,0.03,1.0,0.1,0.1,0.5
LinReg,55.994295093785595,0.19676280065530488,100,20,0.1,0.03,0.7,0.05,0.3,0.6
LinReg,56.01672098006628,0.04814771065318194,100,20,0.25,0.01,0.4,0.07,0.15,0.5
LinReg,55.95382034893521,0.05264823586375978,100,20,0.2,0.0,0.4,0.01,0.1,0.8
LinReg,56.17193504121842,0.03823130413996264,100,20,0.4,0.02,0.9,0.01,0.05,0.6
LinReg,56.11660397380545,0.14422139892398592,100,20,0.15,0.0,0.8,0.07,0.15,0.8
LinReg,56.14265331871699,0.06483191856812243,100,20,0.4,0.0,0.9,0.03,0.25,0.6
LinReg,55.651247812461996,0.1494566081682729,100,20,0.4,0.03,0.4,0.01,0.3,0.8
LinReg,55.837086304806085,0.0887899766630033,100,20,0.2,0.03,0.5,0.1,0.05,0.8
LinReg,55.96400693521465,0.0878943063868003,100,20,0.1,0.05,0.6,0.03,0.1,0.7
LinReg,56.09099984709447,0.08527239057946051,100,20,0.1,0.05,0.8,0.07,0.15,0.4
LinReg,56.01735652806583,0.12470786385176462,100,20,0.3,0.02,0.9,0.07,0.3,0.6
LinReg,56.11883828313004,0.1597178841452038,100,20,0.3,0.01,1.0,0.03,0.2,0.7
LogReg,30.830985915492953,0.14168762073193425,100,20,0.25,0.0,0.5,0.01,0.15,0.8
LogReg,30.833802816901407,0.15206050226778334,100,20,0.2,0.01,0.6,0.1,0.25,0.5
LogReg,30.822535211267603,0.1691548709408727,100,20,0.15,0.04,0.7,0.01,0.2,0.5
LogReg,30.940845070422533,0.0164252166051995,100,20,0.35,0.0,0.8,0.03,0.05,0.4
LogReg,30.98591549295774,0.18812177867114263,100,20,0.15,0.0,0.5,0.03,0.05,0.4
LogReg,30.85070422535211,0.15211267605633716,100,20,0.2,0.05,0.5,0.03,0.15,0.3
LogReg,31.047887323943662,0.16245488287657556,100,20,0.1,0.05,1.0,0.09,0.15,0.6
LogReg,30.746478873239436,0.17546379157630795,100,20,0.35,0.0,0.4,0.01,0.2,0.3
LogReg,30.836619718309855,0.2551745768482977,100,20,0.15,0.02,0.7,0.01,0.05,0.6
LogReg,30.923943661971826,0.2275596104633304,100,20,0.3,0.05,0.8,0.01,0.05,0.7
LogReg,30.93521126760563,0.2322193109354915,100,20,0.2,0.04,0.7,0.03,0.05,0.5
LogReg,30.797183098591546,0.21611343976131306,100,20,0.15,0.02,0.5,0.01,0.15,0.7
LogReg,30.788732394366196,0.19556681642489823,100,20,0.1,0.01,0.9,0.07,0.2,0.7
LogReg,30.895774647887322,0.2124100565803806,100,20,0.4,0.04,0.7,0.05,0.2,0.7
LogReg,30.836619718309855,0.14734306288024737,100,20,0.25,0.01,0.5,0.1,0.25,0.7
LogReg,30.91267605633802,0.01868521008650868,100,20,0.35,0.01,0.7,0.03,0.2,0.4
LogReg,30.988732394366195,0.0905799165679645,100,20,0.3,0.05,1.0,0.07,0.2,0.5
LogReg,30.983098591549293,0.10814847222790176,100,20,0.4,0.02,0.9,0.09,0.3,0.4
LogReg,30.833802816901407,0.15206050226778334,100,20,0.2,0.01,0.6,0.05,0.25,0.5
LogReg,30.969014084507034,0.13925867148516308,100,20,0.2,0.03,0.5,0.1,0.1,0.5
LogReg,30.91267605633803,0.24515135461447313,100,20,0.25,0.02,0.5,0.07,0.2,0.4
LogReg,30.85070422535211,0.2698350425876731,100,20,0.1,0.0,1.0,0.01,0.15,0.8
LogReg,30.780281690140846,0.19467214133150387,100,20,0.2,0.03,0.7,0.03,0.3,0.4
LogReg,30.72957746478873,0.15361800793730637,100,20,0.25,0.02,0.5,0.03,0.3,0.6
LogReg,31.033802816901407,0.15237327702871534,100,20,0.25,0.02,0.9,0.03,0.15,0.5
LogReg,30.91830985915493,0.2155251747987442,100,20,0.4,0.0,0.6,0.03,0.1,0.4
LogReg,30.76901408450704,0.2170294116536114,100,20,0.2,0.04,0.4,0.1,0.15,0.7
LogReg,30.814084507042253,0.2689218926166222,100,20,0.25,0.03,0.6,0.09,0.05,0.5
LogReg,30.75211267605634,0.18992684880042315,100,20,0.25,0.02,0.4,0.05,0.05,0.8
LogReg,30.91830985915493,0.018685210086509644,100,20,0.2,0.03,0.7,0.09,0.3,0.8
LogReg,31.00845070422535,0.14407562650754216,100,20,0.25,0.04,1.0,0.03,0.1,0.8
LogReg,30.814084507042253,0.26684844693611276,100,20,0.15,0.02,0.8,0.09,0.15,0.8
LogReg,30.93521126760563,0.01910515488204453,100,20,0.15,0.02,0.6,0.01,0.05,0.5
LogReg,30.97183098591549,0.10195471025833075,100,20,0.35,0.02,0.5,0.01,0.2,0.7
LogReg,30.811267605633798,0.24839895983153226,100,20,0.25,0.0,0.6,0.05,0.2,0.5
LogReg,30.909859154929574,0.022884615224327953,100,20,0.2,0.03,0.4,0.1,0.05,0.8
LogReg,31.00845070422535,0.276802670344523,100,20,0.2,0.01,1.0,0.01,0.15,0.6
LogReg,30.771830985915493,0.18177200906931354,100,20,0.4,0.02,0.4,0.1,0.1,0.3
LogReg,30.966197183098593,0.1381718137287954,100,20,0.15,0.04,0.7,0.1,0.25,0.5
LogReg,30.83098591549296,0.1519561009494219,100,20,0.35,0.03,0.8,0.09,0.25,0.8
LogReg,31.028169014084504,0.2612286900139641,100,20,0.15,0.0,0.9,0.01,0.25,0.8
LogReg,30.814084507042253,0.16483086015017095,100,20,0.3,0.02,0.6,0.09,0.2,0.7
LogReg,30.923943661971826,0.23187735918035607,100,20,0.15,0.03,0.9,0.01,0.3,0.5
LogReg,30.80281690140845,0.13999744946241227,100,20,0.35,0.0,0.6,0.1,0.25,0.8
LogReg,30.907042253521126,0.20363684024707387,100,20,0.2,0.04,0.9,0.05,0.25,0.7
LogReg,31.07887323943662,0.16559930655435548,100,20,0.15,0.01,0.7,0.05,0.05,0.5
LogReg,30.67605633802817,0.15834895011329625,100,20,0.4,0.01,0.8,0.01,0.2,0.8
LogReg,30.68169014084507,0.16892016169650645,100,20,0.35,0.05,0.4,0.03,0.05,0.6
LogReg,30.895774647887322,0.021079759925486205,100,20,0.3,0.01,0.9,0.03,0.2,0.8
LogReg,30.833802816901407,0.25405265094950846,100,20,0.25,0.0,0.6,0.01,0.1,0.6
LogReg,30.605633802816904,0.16641189281962657,100,20,0.4,0.0,0.4,0.03,0.1,0.7
LogReg,31.033802816901407,0.15699013851371887,100,20,0.35,0.04,0.4,0.03,0.15,0.7
LogReg,30.91830985915493,0.13753865482516897,100,20,0.4,0.02,0.6,0.1,0.2,0.7
LogReg,30.79154929577465,0.2180871194461499,100,20,0.25,0.03,0.4,0.07,0.2,0.7
LogReg,30.754929577464786,0.1679780452493024,100,20,0.3,0.03,0.4,0.03,0.05,0.6
LogReg,30.72112676056338,0.23029784153205196,100,20,0.1,0.02,0.6,0.09,0.2,0.5
LogReg,30.876056338028167,0.2204394089748032,100,20,0.15,0.03,0.4,0.01,0.2,0.7
LogReg,30.822535211267603,0.14269211427508585,100,20,0.15,0.02,0.8,0.01,0.2,0.4
LogReg,31.070422535211264,0.167599715838237,100,20,0.2,0.04,0.8,0.09,0.15,0.5
LogReg,30.966197183098593,0.1622104794240883,100,20,0.1,0.02,0.7,0.07,0.15,0.4
LogReg,30.997183098591545,0.13696051584386787,100,20,0.25,0.05,1.0,0.07,0.1,0.8
LogReg,30.91830985915493,0.23235595073015447,100,20,0.3,0.04,0.9,0.1,0.15,0.3
LogReg,31.061971830985915,0.16391365099691413,100,20,0.1,0.04,0.7,0.07,0.25,0.6
LogReg,30.828169014084505,0.15439086880050226,100,20,0.35,0.03,0.4,0.09,0.05,0.7
LogReg,30.90422535211268,0.2104962444199359,100,20,0.15,0.03,0.4,0.07,0.25,0.6
LogReg,30.72676056338028,0.3669115459116933,100,20,0.35,0.03,0.5,0.05,0.2,0.5
LogReg,30.7887323943662,0.2356788807138245,100,20,0.25,0.04,0.4,0.09,0.1,0.8
LogReg,30.864788732394363,0.1577464788732385,100,20,0.3,0.04,0.6,0.03,0.1,0.5
LogReg,30.96056338028169,0.1566865801146279,100,20,0.25,0.0,0.6,0.01,0.2,0.6
LogReg,30.66197183098592,0.16593438281716155,100,20,0.4,0.02,0.5,0.07,0.15,0.8
LogReg,31.005633802816902,0.14626202800841773,100,20,0.1,0.02,0.8,0.09,0.15,0.3
LogReg,30.8,0.24156469379738985,100,20,0.25,0.02,0.5,0.09,0.15,0.7
LogReg,30.828169014084505,0.14374479799631543,100,20,0.2,0.0,0.5,0.1,0.1,0.6
LogReg,30.892957746478874,0.30916696052819903,100,20,0.4,0.03,0.5,0.05,0.15,0.4
LogReg,30.988732394366195,0.14782694944678215,100,20,0.1,0.0,0.7,0.01,0.15,0.6
LogReg,30.91267605633802,0.03607393936581929,100,20,0.35,0.05,0.6,0.07,0.2,0.3
LogReg,30.783098591549294,0.19669960845178636,100,20,0.35,0.0,0.8,0.09,0.1,0.6
LogReg,30.836619718309855,0.15366965292378346,100,20,0.35,0.0,0.6,0.09,0.05,0.5
LogReg,30.822535211267603,0.2644888922660393,100,20,0.25,0.04,1.0,0.03,0.15,0.4
LogReg,30.92112676056338,0.03403674922139337,100,20,0.3,0.0,0.7,0.07,0.1,0.7
LogReg,30.95492957746479,0.09651741802260243,100,20,0.1,0.01,0.8,0.03,0.15,0.5
LogReg,30.845070422535212,0.15505756557208894,100,20,0.25,0.03,0.4,0.07,0.05,0.5
LogReg,30.83943661971831,0.2635873254149764,100,20,0.2,0.01,0.8,0.09,0.15,0.4
LogReg,30.74366197183098,0.16579086162886897,100,20,0.3,0.02,0.4,0.1,0.25,0.5
LogReg,31.04225352112676,0.17659073823839375,100,20,0.15,0.02,0.9,0.01,0.2,0.8
LogReg,30.845070422535212,0.15505756557208752,100,20,0.3,0.05,1.0,0.03,0.3,0.8
LogReg,31.04225352112676,0.1743295599635566,100,20,0.4,0.0,1.0,0.01,0.05,0.6
LogReg,30.75774647887324,0.17419295587312897,100,20,0.2,0.04,0.6,0.03,0.05,0.5
LogReg,30.92676056338028,0.23201420036026954,100,20,0.4,0.01,1.0,0.03,0.05,0.7
LogReg,30.980281690140846,0.10218792758995575,100,20,0.15,0.0,0.8,0.05,0.2,0.7
LogReg,30.819718309859155,0.1366705292474157,100,20,0.2,0.01,0.7,0.09,0.25,0.7
LogReg,30.92676056338028,0.2318431362653766,100,20,0.4,0.05,0.8,0.05,0.2,0.4
LogReg,30.825352112676057,0.14045015056132754,100,20,0.3,0.02,0.5,0.07,0.25,0.4
LogReg,30.89014084507042,0.21644363619491197,100,20,0.2,0.03,0.4,0.01,0.15,0.6
LogReg,31.005633802816895,0.12394366197183189,100,20,0.25,0.0,1.0,0.03,0.15,0.4
LogReg,31.118309859154927,0.15597597971726346,100,20,0.1,0.04,1.0,0.03,0.05,0.6
LogReg,30.83098591549296,0.25724957874548393,100,20,0.15,0.05,0.8,0.1,0.3,0.6
LogReg,30.76338028169014,0.19278804092696972,100,20,0.4,0.03,0.4,0.09,0.1,0.3
LogReg,30.72676056338028,0.27794696075592057,100,20,0.25,0.03,0.4,0.07,0.2,0.5
LogReg,30.99154929577465,0.13170332087392547,100,20,0.2,0.03,1.0,0.09,0.1,0.8
SVC,32.4169014084507,0.17762121431475247,100,20,0.35,0.04,0.6,0.07,0.15,0.5
SVC,32.543661971830986,0.11937814141079998,100,20,0.1,0.02,0.6,0.1,0.1,0.4
SVC,32.442253521126766,0.1796202655428724,100,20,0.4,0.0,0.8,0.03,0.1,0.7
SVC,32.47042253521127,0.18803740020595625,100,20,0.35,0.04,0.5,0.05,0.25,0.8
SVC,32.47323943661972,0.19810648983117957,100,20,0.1,0.04,0.4,0.05,0.1,0.3
SVC,32.35211267605634,0.14168762073193536,100,20,0.25,0.01,0.8,0.1,0.15,0.8
SVC,32.50422535211268,0.17935501272937043,100,20,0.2,0.05,0.7,0.07,0.05,0.3
SVC,32.442253521126766,0.2030515075035488,100,20,0.15,0.01,0.8,0.03,0.1,0.5
SVC,32.42535211267605,0.16483086015017132,100,20,0.35,0.0,0.9,0.07,0.25,0.7
SVC,32.33802816901409,0.13450519871902414,100,20,0.2,0.01,0.5,0.09,0.2,0.6
SVC,32.22816901408451,0.02423190216068493,100,20,0.2,0.04,0.4,0.1,0.15,0.7
SVC,32.50140845070423,0.17217697791477196,100,20,0.2,0.0,0.7,0.09,0.25,0.7
SVC,32.49577464788732,0.19866645276062625,100,20,0.2,0.01,0.6,0.07,0.15,0.6
SVC,32.34084507042253,0.1538760595351863,100,20,0.1,0.05,0.5,0.01,0.3,0.8
SVC,32.48732394366198,0.21015670370247308,100,20,0.2,0.0,0.6,0.09,0.3,0.7
SVC,32.50704225352112,0.17295866403390103,100,20,0.3,0.02,1.0,0.03,0.15,0.7
SVC,32.515492957746474,0.18050162640677028,100,20,0.2,0.04,0.9,0.03,0.15,0.3
SVC,32.45352112676056,0.17213088583044758,100,20,0.35,0.04,0.4,0.1,0.2,0.7
SVC,32.41971830985916,0.15232119250248746,100,20,0.4,0.0,0.7,0.1,0.1,0.7
SVC,32.4281690140845,0.16938925496758256,100,20,0.1,0.0,0.9,0.1,0.3,0.4
SVC,32.49295774647887,0.17926650790645057,100,20,0.35,0.03,0.6,0.03,0.3,0.6
SVC,32.56619718309859,0.14593615602240587,100,20,0.35,0.05,1.0,0.09,0.1,0.3
SVC,32.40845070422535,0.18428650404277294,100,20,0.2,0.05,0.4,0.03,0.05,0.7
SVC,32.46760563380282,0.16722053047499666,100,20,0.35,0.0,0.4,0.01,0.05,0.7
SVC,32.43098591549296,0.16679291654183265,100,20,0.25,0.01,1.0,0.09,0.05,0.3
SVC,32.611267605633806,0.0328504332103962,100,20,0.1,0.02,1.0,0.09,0.15,0.5
SVC,32.44225352112676,0.19117610705303803,100,20,0.25,0.01,0.7,0.1,0.15,0.3
SVC,32.58028169014084,0.14374479799631804,100,20,0.25,0.03,0.5,0.01,0.05,0.3
SVC,32.47042253521126,0.15724265619101682,100,20,0.35,0.0,0.5,0.07,0.2,0.8
SVC,32.473239436619714,0.1952825916894297,100,20,0.2,0.01,0.6,0.07,0.2,0.7
SVC,32.51267605633802,0.18312025873966212,100,20,0.25,0.01,0.7,0.03,0.2,0.4
SVC,32.436619718309856,0.17837904449563335,100,20,0.2,0.02,1.0,0.1,0.1,0.4
SVC,32.44507042253521,0.18006148523376578,100,20,0.2,0.05,0.5,0.07,0.1,0.4
SVC,32.35774647887324,0.12426335211331298,100,20,0.3,0.02,0.5,0.05,0.25,0.3
SVC,32.51830985915493,0.19360946791481387,100,20,0.4,0.03,1.0,0.1,0.05,0.5
SVC,32.50422535211267,0.1832935040563104,100,20,0.25,0.03,1.0,0.01,0.15,0.7
SVC,32.34084507042253,0.11931165399744893,100,20,0.15,0.02,0.6,0.01,0.2,0.5
SVC,32.49577464788733,0.18501703519631496,100,20,0.15,0.0,0.6,0.1,0.3,0.5
SVC,32.48169014084507,0.1755542135310731,100,20,0.1,0.05,0.7,0.03,0.25,0.6
SVC,32.48450704225352,0.17784444076241773,100,20,0.15,0.0,0.7,0.03,0.25,0.3
SVC,32.411267605633796,0.17623089937596653,100,20,0.35,0.03,0.8,0.09,0.15,0.5
SVC,32.433802816901405,0.1753280712067109,100,20,0.35,0.05,0.8,0.03,0.05,0.3
SVC,32.33802816901409,0.14308084618817118,100,20,0.2,0.03,0.7,0.09,0.05,0.8
SVC,32.34084507042254,0.11140123906076259,100,20,0.35,0.0,0.8,0.01,0.05,0.3
SVC,32.4112676056338,0.18480247286599022,100,20,0.25,0.04,0.7,0.01,0.3,0.6
SVC,32.29014084507042,0.1384586560838804,100,20,0.2,0.05,0.4,0.03,0.25,0.8
SVC,32.5830985915493,0.15185162785288456,100,20,0.15,0.01,0.9,0.01,0.25,0.3
SVC,32.42535211267606,0.18799519677142196,100,20,0.1,0.03,0.5,0.03,0.2,0.3
SVC,32.45352112676056,0.17869015805243427,100,20,0.1,0.03,0.4,0.05,0.05,0.6
SVC,32.4,0.17309624220548953,100,20,0.35,0.03,0.5,0.09,0.25,0.7
SVC,32.50422535211267,0.1946313765647852,100,20,0.1,0.0,0.8,0.09,0.05,0.5
SVC,32.43380281690141,0.18199014428408977,100,20,0.15,0.04,0.9,0.1,0.1,0.7
SVC,32.349295774647885,0.14346852482531683,100,20,0.15,0.01,0.9,0.07,0.1,0.7
SVC,32.349295774647885,0.12194287786993482,100,20,0.1,0.05,0.6,0.01,0.05,0.3
SVC,32.57464788732394,0.14067595480770573,100,20,0.2,0.05,0.8,0.1,0.1,0.8
SVC,32.49577464788732,0.16410717367469824,100,20,0.3,0.05,1.0,0.05,0.05,0.6
SVC,32.419718309859164,0.18111602710623695,100,20,0.2,0.03,0.5,0.01,0.25,0.5
SVC,32.391549295774645,0.16722053047499666,100,20,0.1,0.03,0.7,0.05,0.25,0.7
SVC,32.44507042253521,0.1890894247531093,100,20,0.2,0.02,0.9,0.09,0.05,0.3
SVC,32.5718309859155,0.13497632169815219,100,20,0.2,0.03,0.8,0.01,0.2,0.3
SVC,32.498591549295774,0.1831202587396617,100,20,0.1,0.03,0.8,0.1,0.2,0.5
SVC,32.47323943661972,0.1672679756541244,100,20,0.4,0.05,0.6,0.07,0.05,0.6
SVC,32.25352112676056,0.021819624485673497,100,20,0.4,0.02,0.4,0.1,0.15,0.5
SVC,32.57746478873239,0.15505756557208958,100,20,0.25,0.04,0.5,0.03,0.25,0.3
SVC,32.63098591549296,0.04120771503754282,100,20,0.4,0.02,0.8,0.01,0.2,0.8
SVC,32.50704225352113,0.18407109017131973,100,20,0.4,0.05,1.0,0.09,0.15,0.3
SVC,32.4281690140845,0.16938925496758148,100,20,0.2,0.03,0.8,0.03,0.15,0.8
SVC,32.54647887323944,0.14620776644913822,100,20,0.35,0.05,0.8,0.05,0.3,0.4
SVC,32.48732394366198,0.1874033507434348,100,20,0.3,0.02,0.4,0.07,0.2,0.3
SVC,32.56901408450704,0.13018839445962047,100,20,0.2,0.0,0.8,0.09,0.15,0.3
SVC,32.4225352112676,0.17992923293150728,100,20,0.25,0.01,0.6,0.03,0.05,0.4
SVC,32.57464788732395,0.14836275022268872,100,20,0.35,0.05,1.0,0.07,0.05,0.7
SVC,32.5830985915493,0.1523732770287152,100,20,0.3,0.04,0.7,0.03,0.1,0.4
SVC,32.515492957746474,0.17514694711785767,100,20,0.3,0.04,0.9,0.09,0.05,0.5
SVC,32.31267605633803,0.14728919957635422,100,20,0.4,0.01,0.6,0.09,0.2,0.7
SVC,32.44788732394366,0.18672465824424295,100,20,0.35,0.03,1.0,0.09,0.2,0.4
SVC,32.4,0.20441467669326074,100,20,0.15,0.0,0.5,0.01,0.15,0.5
SVC,32.5774647887324,0.15759550119097876,100,20,0.25,0.05,0.5,0.09,0.15,0.3
SVC,32.40845070422535,0.1786013237650408,100,20,0.4,0.05,0.9,0.03,0.15,0.3
SVC,32.5943661971831,0.15693958622179244,100,20,0.2,0.02,0.9,0.09,0.2,0.5
SVC,32.33802816901409,0.120173121170149,100,20,0.15,0.01,0.5,0.07,0.15,0.4
SVC,32.352112676056336,0.13420990703742877,100,20,0.15,0.04,0.8,0.03,0.3,0.7
SVC,32.42253521126761,0.1908437711093434,100,20,0.15,0.05,0.5,0.01,0.05,0.4
SVC,32.48169014084507,0.1584491392723966,100,20,0.3,0.03,0.9,0.1,0.25,0.7
SVC,32.40845070422536,0.18600083401936954,100,20,0.4,0.02,0.6,0.01,0.3,0.7
SVC,32.414084507042254,0.19200443028678188,100,20,0.3,0.03,0.5,0.1,0.15,0.3
SVC,32.492957746478865,0.15859930434094932,100,20,0.4,0.01,0.9,0.03,0.1,0.7
SVC,32.49295774647887,0.18014959949655915,100,20,0.3,0.03,0.5,0.03,0.25,0.5
SVC,32.4,0.16367142587418476,100,20,0.35,0.04,0.5,0.09,0.1,0.7
SVC,32.388732394366194,0.19076059665731668,100,20,0.25,0.0,0.4,0.05,0.2,0.8
SVC,32.49577464788732,0.18672465824424306,100,20,0.15,0.05,0.7,0.05,0.05,0.4
SVC,32.51830985915493,0.18199014428409224,100,20,0.1,0.05,0.9,0.01,0.05,0.7
SVC,32.47323943661972,0.1835530654382504,100,20,0.15,0.05,0.7,0.09,0.1,0.7
SVC,32.50422535211268,0.1766805834430055,100,20,0.2,0.01,0.6,0.09,0.05,0.5
SVC,32.33521126760563,0.10778099419554456,100,20,0.3,0.0,0.6,0.07,0.15,0.3
SVC,32.484507042253526,0.15774647887324145,100,20,0.1,0.0,1.0,0.03,0.25,0.4
SVC,32.292957746478876,0.18841680572609334,100,20,0.2,0.0,0.4,0.1,0.2,0.7
SVC,32.51267605633802,0.20089069667240042,100,20,0.3,0.02,0.9,0.1,0.15,0.4
SVC,32.416901408450705,0.178512445270477,100,20,0.3,0.04,0.7,0.09,0.3,0.7
SVC,32.64507042253521,0.027310872436147618,100,20,0.35,0.01,0.7,0.05,0.3,0.5
DT,31.828169014084505,0.16816689077858568,100,20,0.3,0.02,0.6,0.01,0.15,0.3
DT,31.91267605633803,0.013799942212862959,100,20,0.1,0.05,0.9,0.03,0.05,0.4
DT,31.64788732394366,0.21285786464577816,100,20,0.2,0.04,0.5,0.09,0.2,0.7
DT,31.650704225352115,0.3513117651856629,100,20,0.1,0.05,0.6,0.09,0.05,0.5
DT,31.814084507042253,0.18199014428409332,100,20,0.15,0.02,0.6,0.01,0.3,0.7
DT,31.819718309859162,0.1705098135258788,100,20,0.4,0.02,0.8,0.07,0.1,0.7
DT,31.825352112676057,0.18740335074343736,100,20,0.1,0.04,0.7,0.03,0.1,0.4
DT,31.90422535211268,0.013799942212862522,100,20,0.3,0.05,0.9,0.07,0.05,0.8
DT,31.65633802816901,0.34090326589674796,100,20,0.15,0.02,0.9,0.03,0.3,0.8
DT,31.91267605633803,0.010539879962743246,100,20,0.15,0.04,0.7,0.07,0.05,0.5
DT,31.91267605633803,0.0056338028169008675,100,20,0.2,0.05,1.0,0.05,0.3,0.4
DT,31.91830985915493,0.010539879962743625,100,20,0.15,0.01,0.7,0.03,0.15,0.4
DT,31.811267605633798,0.16655487886303796,100,20,0.25,0.01,0.6,0.09,0.2,0.4
DT,31.82253521126761,0.18612877224430388,100,20,0.25,0.0,0.6,0.03,0.2,0.4
DT,31.8169014084507,0.16328311826692554,100,20,0.35,0.03,0.8,0.09,0.05,0.5
DT,31.740845070422534,0.2140845070422556,100,20,0.3,0.02,0.7,0.03,0.1,0.5
DT,31.828169014084505,0.17532807120671048,100,20,0.2,0.01,0.4,0.07,0.25,0.6
DT,31.898591549295777,0.03136768655115594,100,20,0.15,0.01,0.9,0.07,0.25,0.8
DT,31.8169014084507,0.18363950437190757,100,20,0.35,0.0,1.0,0.09,0.3,0.7
DT,31.805633802816903,0.16019230657028904,100,20,0.4,0.03,0.9,0.09,0.15,0.6
DT,31.780281690140846,0.16985705275134116,100,20,0.4,0.04,0.4,0.03,0.2,0.5
DT,31.802816901408455,0.16569511177299062,100,20,0.35,0.0,0.6,0.07,0.25,0.8
DT,31.642253521126758,0.20089069667240098,100,20,0.4,0.03,0.6,0.09,0.25,0.6
DT,31.56901408450704,0.32235987607707095,100,20,0.3,0.04,0.9,0.01,0.3,0.7
DT,31.90422535211268,0.010539879962743625,100,20,0.2,0.0,0.8,0.07,0.2,0.5
DT,31.647887323943657,0.20738211064006967,100,20,0.25,0.02,0.8,0.09,0.3,0.7
DT,31.546478873239437,0.30448606460555944,100,20,0.2,0.03,0.4,0.07,0.1,0.6
DT,31.822535211267603,0.16487899297647404,100,20,0.3,0.0,0.5,0.01,0.1,0.4
DT,31.73802816901408,0.2002973389817626,100,20,0.35,0.03,0.8,0.05,0.2,0.8
DT,31.72957746478873,0.21068464170496223,100,20,0.3,0.01,0.4,0.03,0.2,0.7
DT,31.828169014084505,0.17532807120671046,100,20,0.15,0.03,1.0,0.05,0.1,0.3
DT,31.740845070422534,0.20826028607633526,100,20,0.15,0.02,1.0,0.05,0.1,0.7
DT,31.825352112676057,0.17355404845914923,100,20,0.1,0.02,0.5,0.03,0.25,0.6
DT,31.56056338028169,0.31699842020586577,100,20,0.1,0.05,0.4,0.05,0.1,0.6
DT,31.825352112676057,0.17355404845914954,100,20,0.4,0.03,0.9,0.07,0.05,0.3
DT,31.825352112676057,0.17332529648355263,100,20,0.35,0.0,0.7,0.01,0.15,0.6
DT,31.698591549295777,0.19076059665731984,100,20,0.4,0.05,0.4,0.09,0.25,0.4
DT,31.501408450704226,0.21352781586757577,100,20,0.3,0.04,0.7,0.07,0.15,0.8
DT,31.816901408450708,0.17636592498590156,100,20,0.3,0.02,0.7,0.09,0.2,0.8
DT,31.82253521126761,0.17194639393838904,100,20,0.15,0.05,0.7,0.09,0.05,0.7
DT,31.701408450704225,0.19706233726639938,100,20,0.35,0.05,0.6,0.09,0.3,0.5
DT,31.6112676056338,0.16844976211522564,100,20,0.4,0.04,0.4,0.1,0.2,0.4
DT,31.746478873239436,0.21285786464577752,100,20,0.25,0.03,1.0,0.01,0.2,0.3
DT,31.780281690140846,0.1809406969324151,100,20,0.15,0.0,0.7,0.09,0.05,0.5
DT,31.797183098591546,0.1751469471178595,100,20,0.35,0.01,0.9,0.07,0.3,0.7
DT,31.566197183098588,0.181990144284093,100,20,0.2,0.05,0.5,0.09,0.25,0.4
DT,31.659154929577465,0.20936230057534955,100,20,0.3,0.03,0.7,0.09,0.25,0.4
DT,31.740845070422534,0.20826028607633526,100,20,0.4,0.0,0.6,0.09,0.15,0.7
DT,31.830985915492953,0.16924866350197182,100,20,0.25,0.01,0.4,0.09,0.1,0.5
DT,31.907042253521126,0.0068999711064308255,100,20,0.25,0.0,0.7,0.01,0.15,0.3
DT,31.828169014084505,0.16793080068494745,100,20,0.25,0.01,1.0,0.09,0.2,0.4
DT,31.653521126760563,0.22011520671083304,100,20,0.15,0.05,0.8,0.03,0.2,0.6
DT,31.740845070422534,0.21389910429937822,100,20,0.25,0.01,0.4,0.01,0.25,0.8
DT,31.73521126760563,0.20379264504435093,100,20,0.2,0.05,1.0,0.03,0.05,0.8
DT,31.825352112676057,0.17355404845914954,100,20,0.35,0.0,0.8,0.01,0.05,0.4
DT,31.74366197183098,0.20573024942546955,100,20,0.3,0.04,1.0,0.09,0.05,0.5
DT,31.825352112676057,0.16631650049719138,100,20,0.3,0.01,0.7,0.09,0.2,0.4
DT,31.819718309859155,0.17869015805243854,100,20,0.35,0.05,0.6,0.09,0.1,0.6
DT,31.828169014084505,0.16793080068494745,100,20,0.15,0.04,0.6,0.09,0.15,0.6
DT,31.72957746478873,0.21699284701488447,100,20,0.25,0.05,0.7,0.07,0.3,0.8
DT,31.814084507042253,0.16910795515271834,100,20,0.4,0.0,0.5,0.01,0.25,0.5
DT,31.811267605633805,0.16391365099691657,100,20,0.1,0.03,1.0,0.03,0.1,0.5
DT,31.56901408450704,0.17332529648355294,100,20,0.35,0.0,0.8,0.1,0.1,0.3
DT,31.878873239436622,0.04846380432136639,100,20,0.3,0.02,0.7,0.09,0.3,0.8
DT,31.73802816901408,0.21184896537423603,100,20,0.1,0.02,0.5,0.01,0.2,0.8
DT,31.822535211267603,0.17917795936664213,100,20,0.3,0.05,0.9,0.1,0.3,0.5
DT,31.825352112676057,0.16631650049719104,100,20,0.25,0.0,0.9,0.05,0.2,0.7
DT,31.825352112676057,0.16655487886303863,100,20,0.4,0.0,0.9,0.07,0.3,0.5
DT,31.907042253521126,0.014363435249556737,100,20,0.15,0.03,0.6,0.07,0.05,0.8
DT,31.645070422535206,0.23473427218027926,100,20,0.1,0.0,0.5,0.03,0.2,0.7
DT,31.91830985915493,0.0056338028169008675,100,20,0.2,0.04,0.8,0.1,0.05,0.7
DT,31.830985915492953,0.1692486635019715,100,20,0.3,0.01,0.9,0.05,0.1,0.8
DT,31.909859154929574,0.006899971106432566,100,20,0.15,0.04,1.0,0.09,0.2,0.8
DT,31.833802816901414,0.1775765353518266,100,20,0.2,0.02,0.6,0.09,0.15,0.8
DT,31.707042253521127,0.1903024873696303,100,20,0.4,0.03,0.7,0.05,0.1,0.5
DT,31.915492957746476,0.00890782439483965,100,20,0.35,0.04,0.9,0.09,0.2,0.3
DT,31.746478873239436,0.21285786464577755,100,20,0.35,0.05,0.4,0.1,0.15,0.6
DT,31.825352112676057,0.17355404845914954,100,20,0.2,0.0,1.0,0.07,0.25,0.5
DT,31.64788732394366,0.19576958145233037,100,20,0.35,0.0,0.4,0.05,0.25,0.7
DT,31.60845070422535,0.20573024942546772,100,20,0.2,0.01,0.7,0.03,0.25,0.7
DT,31.71830985915493,0.18748801456105874,100,20,0.25,0.01,0.9,0.03,0.05,0.7
DT,31.65633802816901,0.2059615370189427,100,20,0.35,0.04,1.0,0.1,0.3,0.6
DT,31.828169014084505,0.17487490924133975,100,20,0.15,0.0,0.7,0.01,0.05,0.4
DT,31.73802816901408,0.21166160444134485,100,20,0.2,0.04,1.0,0.05,0.2,0.7
DT,31.653521126760563,0.2082602860763353,100,20,0.35,0.03,0.8,0.01,0.05,0.8
DT,31.74366197183099,0.2104962444199394,100,20,0.35,0.03,0.4,0.09,0.15,0.3
DT,31.805633802816896,0.16626878381266355,100,20,0.15,0.01,0.5,0.03,0.3,0.7
DT,31.738028169014086,0.3480440999312091,100,20,0.1,0.0,0.9,0.1,0.25,0.4
DT,31.52112676056338,0.1371342134607131,100,20,0.25,0.05,0.6,0.1,0.25,0.6
DT,31.57183098591549,0.16487899297647474,100,20,0.4,0.01,0.9,0.07,0.15,0.7
DT,31.909859154929574,0.014363435249557296,100,20,0.2,0.05,1.0,0.1,0.3,0.5
DT,31.661971830985912,0.21874105530498456,100,20,0.35,0.04,0.8,0.03,0.1,0.5
DT,31.73521126760563,0.20359787041794847,100,20,0.25,0.03,0.6,0.05,0.2,0.5
DT,31.712676056338022,0.23341219702385152,100,20,0.25,0.01,0.4,0.07,0.2,0.3
DT,31.816901408450708,0.17614082479846477,100,20,0.2,0.02,1.0,0.09,0.1,0.5
DT,31.478873239436616,0.26304490208290204,100,20,0.4,0.05,0.5,0.03,0.2,0.6
DT,31.746478873239436,0.2069991331929474,100,20,0.2,0.02,0.8,0.03,0.3,0.8
DT,31.819718309859155,0.16410717367470112,100,20,0.2,0.05,0.5,0.1,0.3,0.7
DT,31.709859154929575,0.19710259926237905,100,20,0.2,0.05,0.9,0.03,0.2,0.4
DT,31.915492957746476,0.00890782439483965,100,20,0.25,0.01,0.8,0.03,0.05,0.7
