dataset,model,metric,test,algorithm,statistic,pvalue,corrected_p,significant
bike-sharing,LinReg,pf_size,Friedman,,72.84210526315795,5.697099661171737e-15,,True
bike-sharing,LinReg,pf_size,Wilcoxon,nsga2,0.0,7.74421643104407e-06,3.097686572417628e-05,True
bike-sharing,LinReg,pf_size,Wilcoxon,replica,0.0,0.08326451666355039,0.08326451666355039,False
bike-sharing,LinReg,pf_size,Wilcoxon,smsemoa,0.0,7.74421643104407e-06,3.097686572417628e-05,True
bike-sharing,LinReg,pf_size,Wilcoxon,spea2,0.0,7.74421643104407e-06,3.097686572417628e-05,True
isolet,DT,pf_size,Friedman,,56.08205128205129,1.927299671850311e-11,,True
isolet,DT,pf_size,Wilcoxon,nsga2,0.0,8.426441283705347e-05,0.0003370576513482139,True
isolet,DT,pf_size,Wilcoxon,replica,0.0,8.695454033787863e-05,0.0003370576513482139,True
isolet,DT,pf_size,Wilcoxon,smsemoa,0.0,8.794879347050152e-05,0.0003370576513482139,True
isolet,DT,pf_size,Wilcoxon,spea2,0.0,8.670731863656778e-05,0.0003370576513482139,True
isolet,LogReg,pf_size,Friedman,,71.18387909319902,1.2764461108860982e-14,,True
isolet,LogReg,pf_size,Wilcoxon,nsga2,0.0,8.732637791829415e-05,0.0003404535552306698,True
isolet,LogReg,pf_size,Wilcoxon,replica,0.0,8.720229793087962e-05,0.0003404535552306698,True
isolet,LogReg,pf_size,Wilcoxon,smsemoa,0.0,8.511338880766745e-05,0.0003404535552306698,True
isolet,LogReg,pf_size,Wilcoxon,spea2,0.0,8.695454033787863e-05,0.0003404535552306698,True
isolet,SVC,pf_size,Friedman,,55.80612244897959,2.201903718280535e-11,,True
isolet,SVC,pf_size,Wilcoxon,nsga2,0.0,8.707835210161572e-05,0.0003463356340552921,True
isolet,SVC,pf_size,Wilcoxon,replica,0.0,8.670731863656778e-05,0.0003463356340552921,True
isolet,SVC,pf_size,Wilcoxon,smsemoa,0.0,8.757494073814438e-05,0.0003463356340552921,True
isolet,SVC,pf_size,Wilcoxon,spea2,0.0,8.658390851382303e-05,0.0003463356340552921,True
lymphography,DT,pf_size,Friedman,,70.67540983606555,1.634508731309792e-14,,True
lymphography,DT,pf_size,Wilcoxon,nsga2,0.0,4.32409070193439e-05,0.0001729636280773756,True
lymphography,DT,pf_size,Wilcoxon,replica,0.0,0.0002465780529933713,0.0002465780529933713,True
lymphography,DT,pf_size,Wilcoxon,smsemoa,0.0,4.32409070193439e-05,0.0001729636280773756,True
lymphography,DT,pf_size,Wilcoxon,spea2,0.0,4.32409070193439e-05,0.0001729636280773756,True
lymphography,LogReg,pf_size,Friedman,,21.74631268436579,0.00022512015868433294,,True
lymphography,LogReg,pf_size,Wilcoxon,nsga2,20.0,0.001953378598272788,0.007303793394194751,True
lymphography,LogReg,pf_size,Wilcoxon,replica,10.0,0.0044014439925568975,0.008802887985113795,True
lymphography,LogReg,pf_size,Wilcoxon,smsemoa,23.0,0.00669418809496916,0.008802887985113795,True
lymphography,LogReg,pf_size,Wilcoxon,spea2,15.0,0.0018259483485486877,0.007303793394194751,True
lymphography,SVC,pf_size,Friedman,,52.51282051282056,1.0775925210815856e-10,,True
lymphography,SVC,pf_size,Wilcoxon,nsga2,0.0,9.588669623477634e-05,0.0003777191288446991,True
lymphography,SVC,pf_size,Wilcoxon,replica,22.0,0.02542976838196517,0.02542976838196517,True
lymphography,SVC,pf_size,Wilcoxon,smsemoa,0.0,9.442978221117478e-05,0.0003777191288446991,True
lymphography,SVC,pf_size,Wilcoxon,spea2,0.0,0.00013902844898286776,0.0003777191288446991,True
spambase,DT,pf_size,Friedman,,28.992327365728933,7.845494076982747e-06,,True
spambase,DT,pf_size,Wilcoxon,nsga2,42.5,0.060685380039614406,0.12137076007922881,False
spambase,DT,pf_size,Wilcoxon,replica,11.0,0.0007078545858168717,0.002831418343267487,True
spambase,DT,pf_size,Wilcoxon,smsemoa,18.0,0.0018728780327981068,0.00561863409839432,True
spambase,DT,pf_size,Wilcoxon,spea2,71.0,0.3323208563835891,0.3323208563835891,False
spambase,LogReg,pf_size,Friedman,,66.07594936708861,1.5266996731326046e-13,,True
spambase,LogReg,pf_size,Wilcoxon,nsga2,0.0,0.00012855346761721207,0.0003856604028516362,True
spambase,LogReg,pf_size,Wilcoxon,replica,20.5,0.00264740850703543,0.00264740850703543,True
spambase,LogReg,pf_size,Wilcoxon,smsemoa,0.0,8.707835210161572e-05,0.0003483134084064629,True
spambase,LogReg,pf_size,Wilcoxon,spea2,8.5,0.0003071298600844083,0.0006142597201688166,True
spambase,SVC,pf_size,Friedman,,42.95876288659795,1.0553767470959234e-08,,True
spambase,SVC,pf_size,Wilcoxon,nsga2,4.0,0.0003769999271465165,0.0011309997814395495,True
spambase,SVC,pf_size,Wilcoxon,replica,59.5,0.41998699520344784,0.41998699520344784,False
spambase,SVC,pf_size,Wilcoxon,smsemoa,0.0,8.782404130245518e-05,0.0003512961652098207,True
spambase,SVC,pf_size,Wilcoxon,spea2,40.5,0.015849009467651005,0.03169801893530201,True
superconductivity,LinReg,pf_size,Friedman,,62.28865979381445,9.578417429918541e-13,,True
superconductivity,LinReg,pf_size,Wilcoxon,nsga2,0.0,8.621447994652249e-05,0.00034485791978608997,True
superconductivity,LinReg,pf_size,Wilcoxon,replica,0.0,8.732637791829415e-05,0.00034485791978608997,True
superconductivity,LinReg,pf_size,Wilcoxon,smsemoa,0.0,8.658390851382303e-05,0.00034485791978608997,True
superconductivity,LinReg,pf_size,Wilcoxon,spea2,0.0,8.683086254706038e-05,0.00034485791978608997,True
wave-energy,LinReg,pf_size,Friedman,,49.66497461928936,4.24183737333893e-10,,True
wave-energy,LinReg,pf_size,Wilcoxon,nsga2,0.0,8.794879347050152e-05,0.0003483134084064629,True
wave-energy,LinReg,pf_size,Wilcoxon,replica,0.0,8.807368035275506e-05,0.0003483134084064629,True
wave-energy,LinReg,pf_size,Wilcoxon,smsemoa,0.0,8.732637791829415e-05,0.0003483134084064629,True
wave-energy,LinReg,pf_size,Wilcoxon,spea2,0.0,8.707835210161572e-05,0.0003483134084064629,True
